{
  "timestamp": "2026-03-03T02:45:00.004Z",
  "faturamento": {
    "dia": {
      "total_dia": 90745.45000000001,
      "meta_dia": 435000
    },
    "mes": {
      "fat_total": 90745.45000000001,
      "meta_mes": 9570000,
      "meta_acumulada_mes": 435000
    }
  },
  "envioTratador": {
    "dia": {
      "total_trat_dia": 435417.08999999997,
      "meta_dia": 425000
    },
    "mes": {
      "fat_total": 435417.0899999999,
      "meta_mes": 9350000,
      "meta_acumulada_mes": 425000
    }
  },
  "recebimento": {
    "atual": {
      "05/2026": 90745.45000000001
    },
    "acumulado": {
      "03/2022": 4250782.61,
      "08/2024": 6270102.319999992,
      "03/2024": 5849922.5200000135,
      "04/2023": 6691131.320000012,
      "08/2022": 3572364.7200000053,
      "06/2024": 6706815.380000012,
      "02/2023": 3702300.8100000047,
      "04/2022": 3720120.410000001,
      "09/2025": 7698585.679999984,
      "04/2025": 6600785.190000003,
      "05/2026": 90745.45000000001,
      "11/2025": 8792630.1,
      "05/2023": 4233683.1400000015,
      "12/2023": 4881948.6499999985,
      "05/2025": 6689477.750000024,
      "02/2026": 6616368.9799999995,
      "09/2024": 6655686.099999998,
      "01/2024": 5036926.9500000095,
      "03/2026": 9586586.819999984,
      "10/2024": 7386353.409999992,
      "01/2026": 7704149.740000004,
      "12/2024": 7060548.84999999,
      "07/2024": 6683365.910000002,
      "03/2023": 5129638.169999996,
      "11/2022": 2723937.029999999,
      "09/2023": 4238390.829999998,
      "01/2023": 3586641.149999995,
      "02/2022": 1292702.1200000003,
      "08/2023": 4109657.8600000017,
      "07/2022": 4133565.410000008,
      "02/2024": 3169165.630000003,
      "10/2022": 3453488.7400000035,
      "12/2022": 3563654.2200000044,
      "05/2024": 5919429.26,
      "02/2025": 4151679.7499999916,
      "01/2025": 5768465.09,
      "08/2025": 7054046.210000025,
      "04/2024": 5550930.829999999,
      "10/2025": 8044288.369999987,
      "06/2023": 3905513.0200000014,
      "12/2025": 9169045.280000005,
      "09/2022": 3418617.98,
      "07/2023": 4328291.270000004,
      "11/2023": 3934157.079999999,
      "06/2022": 4053992.6299999957,
      "05/2022": 4395867.01999999,
      "03/2025": 8109254.349999972,
      "10/2023": 4535824.779999997,
      "06/2025": 6641506.189999983,
      "11/2024": 7026377.699999992,
      "07/2025": 7006099.190000016,
      "04/2026": 5865307.669999996
    }
  }
}